<?xml version="1.0"?>
<Dat54>
  <Version value="7314721"/>
  <ContainerPaths>
    <Item>audiodirectory\jg_mechanic</Item>
  </ContainerPaths>
  <Items>
    <Item type="SimpleSound">
      <Name>repair_sp</Name>
      <Header>
        <Flags value="0x00008004"/>
        <Volume value="200"/>
        <Category>scripted</Category>
      </Header>
      <ContainerName>audiodirectory/jg_mechanic</ContainerName>
      <FileName>repair</FileName>
      <WaveSlotNum value="0"/>
    </Item>
    <Item type="SimpleSound">
      <Name>hydraulic_sp</Name>
      <Header>
        <Flags value="0x00008004"/>
        <Volume value="200"/>
        <Category>scripted</Category>
      </Header>
      <ContainerName>audiodirectory/jg_mechanic</ContainerName>
      <FileName>hydraulic</FileName>
      <WaveSlotNum value="0"/>
    </Item>
    <Item type="SoundSet">
      <Name>special_soundset</Name>
      <Header>
        <Flags value="0xAAAAAAAA"/>
      </Header>
      <SoundSets>
        <Item>
          <ScriptName>repair</ScriptName>
          <ChildSound>repair_sp</ChildSound>
        </Item>
        <Item>
          <ScriptName>hydraulic</ScriptName>
          <ChildSound>hydraulic_sp</ChildSound>
        </Item>
      </SoundSets>
    </Item>
  </Items>
</Dat54>