[
    {"missioname":"Transporting illegal items", "missionrank": 1, "missionvalue": "job1", "dailyjobcount": 2, "missiondest": "Lorem ipsum dolor sit amet consectetur. Dolor vitae magna."},
    {"missioname":"Arms Shipment", "missionrank": 1, "missionvalue": "job2", "dailyjobcount": 2 , "missiondest": "Lorem ipsum dolor sit amet consectetur. Dolor vitae magna."},
    {"missioname":"Catch The Follows", "missionrank": 1, "missionvalue": "job3", "dailyjobcount": 2 , "missiondest": "Lorem ipsum dolor sit amet consectetur. Dolor vitae magna."}

]