<timecycle_modifier_data version="1.000000">
<modifier name="fm_cityhall_tc" numMods="132" userFlags="2">
        <light_amb_down_wrap>0.448 0.000</light_amb_down_wrap>
        <light_natural_amb_down_col_r>0.000 1.000</light_natural_amb_down_col_r>
        <light_natural_amb_down_col_g>0.000 1.000</light_natural_amb_down_col_g>
        <light_natural_amb_down_col_b>0.000 1.000</light_natural_amb_down_col_b>
        <light_natural_amb_down_intensity>0.000 0.000</light_natural_amb_down_intensity>
        <light_natural_amb_up_col_r>0.965 1.000</light_natural_amb_up_col_r>
        <light_natural_amb_up_col_g>1.000 1.000</light_natural_amb_up_col_g>
        <light_natural_amb_up_col_b>1.426 1.000</light_natural_amb_up_col_b>
        <light_natural_amb_up_intensity>0.2 0.000</light_natural_amb_up_intensity>
        <light_natural_amb_up_intensity_mult>0.2 0.000</light_natural_amb_up_intensity_mult>
        <light_natural_push>0.000 0.000</light_natural_push>
        <light_ambient_bake_ramp>1.000 0.000</light_ambient_bake_ramp>
        <light_artificial_int_down_col_r>0.965 1.000</light_artificial_int_down_col_r>
        <light_artificial_int_down_col_g>1.000 1.000</light_artificial_int_down_col_g>
        <light_artificial_int_down_col_b>0.729 1.000</light_artificial_int_down_col_b>
        <light_artificial_int_down_intensity>0.025 0.000</light_artificial_int_down_intensity>
        <light_artificial_int_up_col_r>0.965 1.000</light_artificial_int_up_col_r>
        <light_artificial_int_up_col_g>1.000 1.000</light_artificial_int_up_col_g>
        <light_artificial_int_up_col_b>0.733 1.000</light_artificial_int_up_col_b>
        <light_artificial_int_up_intensity>0.010 0.000</light_artificial_int_up_intensity>
        <light_artificial_ext_down_col_r>0.000 1.000</light_artificial_ext_down_col_r>
        <light_artificial_ext_down_col_g>0.000 1.000</light_artificial_ext_down_col_g>
        <light_artificial_ext_down_col_b>0.000 1.000</light_artificial_ext_down_col_b>
        <light_artificial_ext_down_intensity>0.000 0.000</light_artificial_ext_down_intensity>
        <light_artificial_ext_up_col_r>0.000 1.000</light_artificial_ext_up_col_r>
        <light_artificial_ext_up_col_g>0.000 1.000</light_artificial_ext_up_col_g>
        <light_artificial_ext_up_col_b>0.000 1.000</light_artificial_ext_up_col_b>
        <light_artificial_ext_up_intensity>0.000 0.000</light_artificial_ext_up_intensity>
        <ped_light_col_r>0.729 1.000</ped_light_col_r>
        <ped_light_col_g>1.000 1.000</ped_light_col_g>
        <ped_light_col_b>0.906 1.000</ped_light_col_b>
        <ped_light_mult>1.000 0.030</ped_light_mult>
        <light_amb_occ_mult_ped>1.000 0.000</light_amb_occ_mult_ped>
        <light_amb_occ_mult_veh>1.000 0.000</light_amb_occ_mult_veh>
        <light_amb_occ_mult_prop>1.000 0.000</light_amb_occ_mult_prop>
        <light_amb_volumes_in_diffuse>1.000 0.000</light_amb_volumes_in_diffuse>
        <ssao_inten>5.568 0.000</ssao_inten>
        <light_ped_rim_mult>0.366 0.000</light_ped_rim_mult>
        <postfx_exposure>0.000 0.000</postfx_exposure>
        <postfx_exposure_min>-1.000 0.000</postfx_exposure_min>
        <postfx_exposure_max>0.100 0.000</postfx_exposure_max>
        <postfx_bright_pass_thresh_width>0.900 0.000</postfx_bright_pass_thresh_width>
        <postfx_bright_pass_thresh>0.900 0.000</postfx_bright_pass_thresh>
        <postfx_intensity_bloom>2.500 0.000</postfx_intensity_bloom>
        <postfx_vignetting_intensity>0.920 0.000</postfx_vignetting_intensity>
        <postfx_vignetting_radius>2.500 0.000</postfx_vignetting_radius>
        <postfx_vignetting_contrast>0.000 0.000</postfx_vignetting_contrast>
        <screen_blur_intensity>0.020 0.000</screen_blur_intensity>
        <dir_shadow_num_cascades>4.000 0.000</dir_shadow_num_cascades>
        <dir_shadow_distance_multiplier>4.000 0.000</dir_shadow_distance_multiplier>
        <water_reflection_lod_range_enabled>0.000 0.000</water_reflection_lod_range_enabled>
        <water_reflection_lod_range_hd_start>-1.000 0.000</water_reflection_lod_range_hd_start>
        <water_reflection_lod_range_hd_end>-1.000 0.000</water_reflection_lod_range_hd_end>
        <water_reflection_lod_range_orphanhd_start>-1.000 0.000</water_reflection_lod_range_orphanhd_start>
        <water_reflection_lod_range_orphanhd_end>-1.000 0.000</water_reflection_lod_range_orphanhd_end>
        <water_reflection_lod_range_lod_start>-1.000 0.000</water_reflection_lod_range_lod_start>
        <water_reflection_lod_range_lod_end>-1.000 0.000</water_reflection_lod_range_lod_end>
        <water_reflection_lod_range_slod1_start>-1.000 0.000</water_reflection_lod_range_slod1_start>
        <water_reflection_lod_range_slod1_end>-1.000 0.000</water_reflection_lod_range_slod1_end>
        <water_reflection_lod_range_slod2_start>-1.000 0.000</water_reflection_lod_range_slod2_start>
        <water_reflection_lod_range_slod2_end>-1.000 0.000</water_reflection_lod_range_slod2_end>
        <water_reflection_lod_range_slod3_start>-1.000 0.000</water_reflection_lod_range_slod3_start>
        <water_reflection_lod_range_slod3_end>-1.000 0.000</water_reflection_lod_range_slod3_end>
        <water_reflection_lod_range_slod4_start>-1.000 0.000</water_reflection_lod_range_slod4_start>
        <water_reflection_lod_range_slod4_end>-1.000 0.000</water_reflection_lod_range_slod4_end>
        <fog_start>20.000 20.000</fog_start>
        <fog_near_col_r>0.008 1.000</fog_near_col_r>
        <fog_near_col_g>0.008 1.000</fog_near_col_g>
        <fog_near_col_b>0.008 1.000</fog_near_col_b>
        <fog_near_col_a>1.000 1.000</fog_near_col_a>
        <fog_col_r>0.012 1.000</fog_col_r>
        <fog_col_g>0.012 1.000</fog_col_g>
        <fog_col_b>0.004 1.000</fog_col_b>
        <fog_col_a>1.000 1.000</fog_col_a>
        <fog_moon_col_r>0.012 1.000</fog_moon_col_r>
        <fog_moon_col_g>0.012 1.000</fog_moon_col_g>
        <fog_moon_col_b>0.004 1.000</fog_moon_col_b>
        <fog_moon_col_a>1.000 1.000</fog_moon_col_a>
        <fog_east_col_r>0.008 1.000</fog_east_col_r>
        <fog_east_col_g>0.008 1.000</fog_east_col_g>
        <fog_east_col_b>0.008 1.000</fog_east_col_b>
        <fog_east_col_a>1.000 1.000</fog_east_col_a>
        <fog_density>1.000 1.000</fog_density>
        <fog_falloff>15.000 35.000</fog_falloff>
        <fog_base_height>4.000 20.000</fog_base_height>
        <fog_alpha>1.000 1.000</fog_alpha>
        <fog_horizon_tint_scale>4.000 4.000</fog_horizon_tint_scale>
        <fog_hdr>10.200 1.000</fog_hdr>
        <fog_haze_col_r>0.008 1.000</fog_haze_col_r>
        <fog_haze_col_g>0.008 1.000</fog_haze_col_g>
        <fog_haze_col_b>0.004 1.000</fog_haze_col_b>
        <fog_haze_density>5.000 5.000</fog_haze_density>
        <fog_haze_alpha>1.000 1.000</fog_haze_alpha>
        <fog_haze_hdr>1.000 1.000</fog_haze_hdr>
        <fog_haze_start>20.000 20.000</fog_haze_start>
        <fog_shape_bottom>0.000 0.000</fog_shape_bottom>
        <fog_shape_top>0.000 0.000</fog_shape_top>
        <fog_shadow_amount>0.000 0.000</fog_shadow_amount>
        <fog_shadow_falloff>1.000 0.000</fog_shadow_falloff>
        <fog_shadow_base_height>0.000 0.000</fog_shadow_base_height>
        <fogray_intensity>0.000 0.000</fogray_intensity>
        <fogray_density>1.000 0.000</fogray_density>
        <fogray_nearfade>0.000 0.000</fogray_nearfade>
        <fogray_farfade>1.000 0.000</fogray_farfade>
        <reflection_lod_range_start>0.000 0.000</reflection_lod_range_start>
        <reflection_lod_range_end>1.000 0.000</reflection_lod_range_end>
        <reflection_slod_range_start>1.000 0.000</reflection_slod_range_start>
        <reflection_slod_range_end>1.000 0.000</reflection_slod_range_end>
        <reflection_interior_range>40.000 0.000</reflection_interior_range>
        <reflection_tweak_interior_amb>32.000 0.000</reflection_tweak_interior_amb>
        <reflection_tweak_exterior_amb>1.000 0.000</reflection_tweak_exterior_amb>
        <reflection_tweak_emissive>1.000 0.000</reflection_tweak_emissive>
        <reflection_tweak_directional>0.000 0.000</reflection_tweak_directional>
        <reflection_hdr_mult>0.400 0.000</reflection_hdr_mult>
        <far_clip>500.000 500.000</far_clip>
        <temperature>22.000 0.000</temperature>
        <natural_ambient_multiplier>0.500 0.000</natural_ambient_multiplier>
        <artificial_int_ambient_multiplier>0.700 0.000</artificial_int_ambient_multiplier>
        <light_falloff_mult>1.000 0.000</light_falloff_mult>
        <lodlight_range_mult>0.816 0.000</lodlight_range_mult>
        <shadow_distance_mult>0.000 0.000</shadow_distance_mult>
    </modifier>
</timecycle_modifier_data>