[
    {
        "label": "Del Perro Fwy",
        "defaultText": {
            "thirdLine": "q1",
            "firstLine": "1234",
            "secondLine": "1"
        },
        "coords": {
            "y": -471.55065917969,
            "x": -1968.6062011719,
            "w": 48.999973297119,
            "z": 10.877113342285
        }
    },
    {
        "label": "Los Santos Fwy",
        "defaultText": {
            "thirdLine": "",
            "firstLine": "",
            "secondLine": ""
        },
        "coords": {
            "y": 133.4723815918,
            "x": 866.47338867188,
            "w": 325.0,
            "z": 70.606071472168
        }
    },
    {
        "label": "Senora Fwy",
        "defaultText": {
            "thirdLine": "",
            "firstLine": "",
            "secondLine": ""
        },
        "coords": {
            "y": 6032.8041992188,
            "x": 2122.1013183594,
            "w": 233.99981689453,
            "z": 49.430641174316
        }
    },
    {
        "label": "Los Santos Fwy",
        "defaultText": {
            "thirdLine": "",
            "firstLine": "",
            "secondLine": ""
        },
        "coords": {
            "y": 1113.6678466797,
            "x": 1620.9342041016,
            "w": 167.99987792969,
            "z": 81.301879882812
        }
    },
    {
        "label": "Senora Fwy",
        "defaultText": {
            "thirdLine": "",
            "firstLine": "",
            "secondLine": ""
        },
        "coords": {
            "y": 2504.4406738281,
            "x": 1954.310546875,
            "w": 325.0,
            "z": 53.584655761719
        }
    },
    {
        "label": "Los Santos Fwy",
        "defaultText": {
            "thirdLine": "",
            "firstLine": "",
            "secondLine": ""
        },
        "coords": {
            "y": -372.91738891602,
            "x": 554.32385253906,
            "w": 334.0,
            "z": 32.319610595703
        }
    },
    {
        "label": "Los Santos Fwy",
        "defaultText": {
            "thirdLine": "",
            "firstLine": "",
            "secondLine": ""
        },
        "coords": {
            "y": -337.38436889648,
            "x": 579.90002441406,
            "w": 155.99952697754,
            "z": 34.788860321045
        }
    },
    {
        "label": "Senora Fwy",
        "defaultText": {
            "thirdLine": "",
            "firstLine": "",
            "secondLine": ""
        },
        "coords": {
            "y": 2610.9548339844,
            "x": 2047.1314697266,
            "w": 132.99990844727,
            "z": 52.215137481689
        }
    },
    {
        "label": "Route 68",
        "defaultText": {
            "thirdLine": "",
            "firstLine": "",
            "secondLine": ""
        },
        "coords": {
            "y": 2984.6748046875,
            "x": 2339.5219726562,
            "w": 244.9998626709,
            "z": 47.098838806152
        }
    },
    {
        "label": "Route 68",
        "defaultText": {
            "thirdLine": "",
            "firstLine": "",
            "secondLine": ""
        },
        "coords": {
            "y": 2654.697265625,
            "x": 2008.4978027344,
            "w": 244.9998626709,
            "z": 45.748458862305
        }
    },
    {
        "label": "Senora Fwy",
        "defaultText": {
            "thirdLine": "",
            "firstLine": "",
            "secondLine": ""
        },
        "coords": {
            "y": 3272.4865722656,
            "x": 2732.5581054688,
            "w": 155.99963378906,
            "z": 54.463748931885
        }
    },
    {
        "label": "Senora Fwy",
        "defaultText": {
            "thirdLine": "1234",
            "firstLine": "1234",
            "secondLine": "1234"
        },
        "coords": {
            "y": 3632.1889648438,
            "x": 2883.6391601562,
            "w": 346.0,
            "z": 51.68860244751
        }
    },
    {
        "label": "San Andreas Ave",
        "defaultText": {
            "thirdLine": "",
            "firstLine": "",
            "secondLine": ""
        },
        "coords": {
            "y": -723.75708007812,
            "x": -90.220024108887,
            "w": 253.99955749512,
            "z": 43.291240692139
        }
    },
    {
        "label": "Senora Fwy",
        "defaultText": {
            "thirdLine": "",
            "firstLine": "",
            "secondLine": ""
        },
        "coords": {
            "y": 4588.5546875,
            "x": 2749.1611328125,
            "w": 15.999979972839,
            "z": 44.192741394043
        }
    },
    {
        "label": "Senora Fwy",
        "defaultText": {
            "thirdLine": "",
            "firstLine": "",
            "secondLine": ""
        },
        "coords": {
            "y": 5033.2670898438,
            "x": 2638.2607421875,
            "w": 199.99961853027,
            "z": 43.566692352295
        }
    },
    {
        "label": "Del Perro Fwy",
        "defaultText": {
            "thirdLine": "",
            "firstLine": "",
            "secondLine": ""
        },
        "coords": {
            "y": -513.70532226562,
            "x": -743.38311767578,
            "w": 89.999885559082,
            "z": 23.990354537964
        }
    },
    {
        "label": "Del Perro Fwy",
        "defaultText": {
            "thirdLine": "",
            "firstLine": "",
            "secondLine": ""
        },
        "coords": {
            "y": -513.64306640625,
            "x": -445.06665039062,
            "w": 269.99969482422,
            "z": 24.123254776001
        }
    },
    {
        "label": "Davis Ave",
        "defaultText": {
            "thirdLine": "",
            "firstLine": "",
            "secondLine": ""
        },
        "coords": {
            "y": -1796.4968261719,
            "x": -202.76458740234,
            "w": 121.99969482422,
            "z": 28.668190002441
        }
    },
    {
        "label": "Dutch London St",
        "defaultText": {
            "thirdLine": "",
            "firstLine": "",
            "secondLine": ""
        },
        "coords": {
            "y": -2040.5129394531,
            "x": 80.516258239746,
            "w": 269.99969482422,
            "z": 17.51057434082
        }
    },
    {
        "label": "Dutch London St",
        "defaultText": {
            "thirdLine": "",
            "firstLine": "",
            "secondLine": ""
        },
        "coords": {
            "y": -2069.5490722656,
            "x": -89.696464538574,
            "w": 111.99980926514,
            "z": 22.992635726929
        }
    },
    {
        "label": "Buccaneer Way",
        "defaultText": {
            "thirdLine": "",
            "firstLine": "",
            "secondLine": ""
        },
        "coords": {
            "y": -3035.7331542969,
            "x": 712.80285644531,
            "w": 173.9995880127,
            "z": 5.2128005027771
        }
    },
    {
        "label": "Alta St",
        "defaultText": {
            "thirdLine": "",
            "firstLine": "",
            "secondLine": ""
        },
        "coords": {
            "y": -1681.8887939453,
            "x": -374.07006835938,
            "w": 151.99964904785,
            "z": 17.811515808105
        }
    },
    {
        "label": "North Rockford Dr",
        "defaultText": {
            "thirdLine": "",
            "firstLine": "",
            "secondLine": ""
        },
        "coords": {
            "y": 1.4262487888336,
            "x": -1698.9853515625,
            "w": 229.99975585938,
            "z": 63.809642791748
        }
    },
    {
        "label": "West Eclipse Blvd",
        "defaultText": {
            "thirdLine": "",
            "firstLine": "",
            "secondLine": ""
        },
        "coords": {
            "y": -218.60554504394,
            "x": -2111.8276367188,
            "w": 320.0,
            "z": 18.170526504517
        }
    },
    {
        "label": "West Eclipse Blvd",
        "defaultText": {
            "thirdLine": "",
            "firstLine": "",
            "secondLine": ""
        },
        "coords": {
            "y": -256.49917602539,
            "x": -1844.5789794922,
            "w": 29.999988555908,
            "z": 39.563083648682
        }
    },
    {
        "label": "Rockford Dr",
        "defaultText": {
            "thirdLine": "",
            "firstLine": "",
            "secondLine": ""
        },
        "coords": {
            "y": -328.93719482422,
            "x": -532.85943603516,
            "w": 211.99952697754,
            "z": 34.165554046631
        }
    },
    {
        "label": "Great Ocean Hwy",
        "defaultText": {
            "thirdLine": "",
            "firstLine": "",
            "secondLine": ""
        },
        "coords": {
            "y": 4844.5493164062,
            "x": -1652.5061035156,
            "w": 135.99967956543,
            "z": 59.772548675537
        }
    },
    {
        "label": "Great Ocean Hwy",
        "defaultText": {
            "thirdLine": "",
            "firstLine": "slow down",
            "secondLine": "incident ahead"
        },
        "coords": {
            "y": 6085.4931640625,
            "x": -291.83135986328,
            "w": 316.0,
            "z": 30.222248077393
        }
    },
    {
        "label": "Senora Fwy",
        "defaultText": {
            "thirdLine": "",
            "firstLine": "",
            "secondLine": ""
        },
        "coords": {
            "y": 5665.7778320312,
            "x": 2449.9318847656,
            "w": 21.999988555908,
            "z": 43.858947753906
        }
    },
    {
        "label": "East Joshua Rd",
        "defaultText": {
            "thirdLine": "",
            "firstLine": "",
            "secondLine": ""
        },
        "coords": {
            "y": 3788.7846679688,
            "x": 2193.4782714844,
            "w": 123.99975585938,
            "z": 32.301906585693
        }
    },
    {
        "label": "Palomino  Ave",
        "defaultText": {
            "thirdLine": "",
            "firstLine": "",
            "secondLine": ""
        },
        "coords": {
            "y": -1330.9791259766,
            "x": -1136.9641113281,
            "w": 117.99978637695,
            "z": 4.2735800743103
        }
    },
    {
        "label": "Joshua Rd",
        "defaultText": {
            "thirdLine": "",
            "firstLine": "",
            "secondLine": ""
        },
        "coords": {
            "y": 3539.2102050781,
            "x": 805.07867431641,
            "w": 275.99969482422,
            "z": 32.926376342773
        }
    },
    {
        "label": "Equality Way",
        "defaultText": {
            "thirdLine": "",
            "firstLine": "",
            "secondLine": ""
        },
        "coords": {
            "y": -797.89880371094,
            "x": -1536.2546386719,
            "w": 247.99951171875,
            "z": 12.373041152954
        }
    },
    {
        "label": "Great Ocean Hwy",
        "defaultText": {
            "thirdLine": "5678",
            "firstLine": "alfie ",
            "secondLine": "1234"
        },
        "coords": {
            "y": 6562.0322265625,
            "x": 478.05953979492,
            "w": 83.999900817871,
            "z": 25.804773330688
        }
    },
    {
        "label": "Great Ocean Hwy",
        "defaultText": {
            "thirdLine": "",
            "firstLine": "",
            "secondLine": ""
        },
        "coords": {
            "y": 4522.1782226562,
            "x": -1996.6799316406,
            "w": 316.0,
            "z": 55.693145751953
        }
    },
    {
        "label": "Great Ocean Hwy",
        "defaultText": {
            "thirdLine": "",
            "firstLine": "",
            "secondLine": ""
        },
        "coords": {
            "y": 2630.6862792969,
            "x": -2658.6875,
            "w": 352.0,
            "z": 15.674699783325
        }
    },
    {
        "label": "Route 68",
        "defaultText": {
            "thirdLine": "",
            "firstLine": "",
            "secondLine": ""
        },
        "coords": {
            "y": 2321.2104492188,
            "x": -2611.9904785156,
            "w": 291.99981689453,
            "z": 27.157592773438
        }
    },
    {
        "label": "Del Perro Fwy",
        "defaultText": {
            "thirdLine": "",
            "firstLine": "",
            "secondLine": ""
        },
        "coords": {
            "y": -621.54895019531,
            "x": 737.38366699219,
            "w": 245.99948120117,
            "z": 35.010707855225
        }
    },
    {
        "label": "Elysian Fields Fwy",
        "defaultText": {
            "thirdLine": "",
            "firstLine": "",
            "secondLine": ""
        },
        "coords": {
            "y": -2194.890625,
            "x": 1295.5040283203,
            "w": 29.999982833862,
            "z": 49.005409240723
        }
    },
    {
        "label": "Elysian Fields Fwy",
        "defaultText": {
            "thirdLine": "",
            "firstLine": "",
            "secondLine": ""
        },
        "coords": {
            "y": -2571.8439941406,
            "x": 1101.7208251953,
            "w": 103.99983978271,
            "z": 31.132476806641
        }
    },
    {
        "label": "Los Santos Fwy",
        "defaultText": {
            "thirdLine": "",
            "firstLine": "",
            "secondLine": ""
        },
        "coords": {
            "y": 1851.4086914062,
            "x": 1754.2171630859,
            "w": 175.99952697754,
            "z": 73.947532653809
        }
    },
    {
        "label": "Palomino Fwy",
        "defaultText": {
            "thirdLine": "",
            "firstLine": "",
            "secondLine": ""
        },
        "coords": {
            "y": 533.00158691406,
            "x": 2564.4213867188,
            "w": 191.99955749512,
            "z": 107.48042297363
        }
    },
    {
        "label": "Palomino Fwy",
        "defaultText": {
            "thirdLine": "",
            "firstLine": "",
            "secondLine": ""
        },
        "coords": {
            "y": -467.8371887207,
            "x": 2246.009765625,
            "w": 137.99969482422,
            "z": 89.202377319336
        }
    },
    {
        "label": "Del Perro Fwy",
        "defaultText": {
            "thirdLine": "",
            "firstLine": "",
            "secondLine": ""
        },
        "coords": {
            "y": -749.38604736328,
            "x": 916.69879150391,
            "w": 39.999977111816,
            "z": 39.112194061279
        }
    },
    {
        "label": "Los Santos Fwy",
        "defaultText": {
            "thirdLine": "",
            "firstLine": "",
            "secondLine": ""
        },
        "coords": {
            "y": 1448.1340332031,
            "x": 1697.7863769531,
            "w": 0.0,
            "z": 84.270927429199
        }
    },
    {
        "label": "Buccaneer Way",
        "defaultText": {
            "thirdLine": "",
            "firstLine": "",
            "secondLine": ""
        },
        "coords": {
            "y": -2749.4631347656,
            "x": 732.18511962891,
            "w": 4.0000095367432,
            "z": 5.3980503082275
        }
    },
    {
        "label": "Del Perro Fwy",
        "side": "right",
        "addedByCommand": true,
        "defaultText": {
            "thirdLine": "a",
            "firstLine": "q1",
            "secondLine": "a"
        },
        "coords": {
            "y": -478.8663024902344,
            "x": -1990.95703125,
            "w": 229.99940490722657,
            "z": 10.39559745788574
        }
    },
    {
        "label": "Barbareno Dr",
        "side": "right",
        "addedByCommand": true,
        "defaultText": {
            "thirdLine": "mnopq",
            "firstLine": "abcdefg",
            "secondLine": "hijkl"
        },
        "coords": {
            "y": 1123.7579345703126,
            "x": -3193.05859375,
            "w": 337.2332763671875,
            "z": 8.91526794433593
        }
    }
]