﻿<?xml version="1.0" encoding="utf-8"?>
<AudioWaveContainer>
  <Version value="1" />
  <ChunkIndices value="True" />
  <Streams>
    <Item>
      <Name>jail</Name>
      <FileName>jail.wav</FileName>
      <Chunks>
        <Item>
          <Type>peak</Type>
        </Item>
        <Item>
          <Type>data</Type>
        </Item>
        <Item>
          <Type>format</Type>
          <Codec>ADPCM</Codec>
          <Samples value="80571" />
          <SampleRate value="44100" />
          <Headroom value="-200" />
          <PlayBegin value="0" />
          <PlayEnd value="0" />
          <LoopBegin value="0" />
          <LoopEnd value="0" />
          <LoopPoint value="-1" />
          <Peak unk="0" />
        </Item>
      </Chunks>
    </Item>
  </Streams>
</AudioWaveContainer>